DATAFLOW,LAST UPDATE,freq,unit,age,sex,geo,TIME_PERIOD,OBS_VALUE,OBS_FLAG,CONF_STATUS
ESTAT:DEMO_PJAN(1.0),25/09/26 23:00:00,Annual,Number,Total,Total,Bulgaria,2006,7629371,,
ESTAT:DEMO_PJAN(1.0),25/09/26 23:00:00,Annual,Number,Total,Total,Bulgaria,2007,7572673,,
ESTAT:DEMO_PJAN(1.0),25/09/26 23:00:00,Annual,Number,Total,Total,Bulgaria,2008,7518002,,
ESTAT:DEMO_PJAN(1.0),25/09/26 23:00:00,Annual,Number,Total,Total,Bulgaria,2009,7467119,,
ESTAT:DEMO_PJAN(1.0),25/09/26 23:00:00,Annual,Number,Total,Total,Bulgaria,2010,7421766,,
ESTAT:DEMO_PJAN(1.0),25/09/26 23:00:00,Annual,Number,Total,Total,Bulgaria,2011,7369431,,
ESTAT:DEMO_PJAN(1.0),25/09/26 23:00:00,Annual,Number,Total,Total,Bulgaria,2012,7327224,,
ESTAT:DEMO_PJAN(1.0),25/09/26 23:00:00,Annual,Number,Total,Total,Bulgaria,2013,7202556,,
ESTAT:DEMO_PJAN(1.0),25/09/26 23:00:00,Annual,Number,Total,Total,Bulgaria,2014,7117453,,
ESTAT:DEMO_PJAN(1.0),25/09/26 23:00:00,Annual,Number,Total,Total,Bulgaria,2015,7029690,,
ESTAT:DEMO_PJAN(1.0),25/09/26 23:00:00,Annual,Number,Total,Total,Bulgaria,2016,6938759,,
ESTAT:DEMO_PJAN(1.0),25/09/26 23:00:00,Annual,Number,Total,Total,Bulgaria,2017,6849518,,
ESTAT:DEMO_PJAN(1.0),25/09/26 23:00:00,Annual,Number,Total,Total,Bulgaria,2018,6757418,,
ESTAT:DEMO_PJAN(1.0),25/09/26 23:00:00,Annual,Number,Total,Total,Bulgaria,2019,6664177,,
ESTAT:DEMO_PJAN(1.0),25/09/26 23:00:00,Annual,Number,Total,Total,Bulgaria,2020,6569275,,
ESTAT:DEMO_PJAN(1.0),25/09/26 23:00:00,Annual,Number,Total,Total,Bulgaria,2021,6532117,,
ESTAT:DEMO_PJAN(1.0),25/09/26 23:00:00,Annual,Number,Total,Total,Bulgaria,2022,6482484,,
ESTAT:DEMO_PJAN(1.0),25/09/26 23:00:00,Annual,Number,Total,Total,Bulgaria,2023,6447710,,
ESTAT:DEMO_PJAN(1.0),25/09/26 23:00:00,Annual,Number,Total,Total,Bulgaria,2024,6445481,,
ESTAT:DEMO_PJAN(1.0),25/09/26 23:00:00,Annual,Number,Total,Total,Bulgaria,2025,6437360,,
ESTAT:DEMO_PJAN(1.0),25/09/26 23:00:00,Annual,Number,Total,Total,Czechia,2006,10223577,,
ESTAT:DEMO_PJAN(1.0),25/09/26 23:00:00,Annual,Number,Total,Total,Czechia,2007,10254233,,
ESTAT:DEMO_PJAN(1.0),25/09/26 23:00:00,Annual,Number,Total,Total,Czechia,2008,10343422,,
ESTAT:DEMO_PJAN(1.0),25/09/26 23:00:00,Annual,Number,Total,Total,Czechia,2009,10425783,,
ESTAT:DEMO_PJAN(1.0),25/09/26 23:00:00,Annual,Number,Total,Total,Czechia,2010,10462088,,
ESTAT:DEMO_PJAN(1.0),25/09/26 23:00:00,Annual,Number,Total,Total,Czechia,2011,10486731,,
ESTAT:DEMO_PJAN(1.0),25/09/26 23:00:00,Annual,Number,Total,Total,Czechia,2012,10505445,,
ESTAT:DEMO_PJAN(1.0),25/09/26 23:00:00,Annual,Number,Total,Total,Czechia,2013,10516125,,
ESTAT:DEMO_PJAN(1.0),25/09/26 23:00:00,Annual,Number,Total,Total,Czechia,2014,10512419,,
ESTAT:DEMO_PJAN(1.0),25/09/26 23:00:00,Annual,Number,Total,Total,Czechia,2015,10538275,,
ESTAT:DEMO_PJAN(1.0),25/09/26 23:00:00,Annual,Number,Total,Total,Czechia,2016,10553843,,
ESTAT:DEMO_PJAN(1.0),25/09/26 23:00:00,Annual,Number,Total,Total,Czechia,2017,10578820,,
ESTAT:DEMO_PJAN(1.0),25/09/26 23:00:00,Annual,Number,Total,Total,Czechia,2018,10610055,,
ESTAT:DEMO_PJAN(1.0),25/09/26 23:00:00,Annual,Number,Total,Total,Czechia,2019,10649800,,
ESTAT:DEMO_PJAN(1.0),25/09/26 23:00:00,Annual,Number,Total,Total,Czechia,2020,10693939,,
ESTAT:DEMO_PJAN(1.0),25/09/26 23:00:00,Annual,Number,Total,Total,Czechia,2021,10494836,b,
ESTAT:DEMO_PJAN(1.0),25/09/26 23:00:00,Annual,Number,Total,Total,Czechia,2022,10516707,,
ESTAT:DEMO_PJAN(1.0),25/09/26 23:00:00,Annual,Number,Total,Total,Czechia,2023,10827529,,
ESTAT:DEMO_PJAN(1.0),25/09/26 23:00:00,Annual,Number,Total,Total,Czechia,2024,10900555,,
ESTAT:DEMO_PJAN(1.0),25/09/26 23:00:00,Annual,Number,Total,Total,Czechia,2025,10909500,,
ESTAT:DEMO_PJAN(1.0),25/09/26 23:00:00,Annual,Number,Total,Total,Germany,2006,82437995,,
ESTAT:DEMO_PJAN(1.0),25/09/26 23:00:00,Annual,Number,Total,Total,Germany,2007,82314906,,
ESTAT:DEMO_PJAN(1.0),25/09/26 23:00:00,Annual,Number,Total,Total,Germany,2008,82217837,,
ESTAT:DEMO_PJAN(1.0),25/09/26 23:00:00,Annual,Number,Total,Total,Germany,2009,82002356,,
ESTAT:DEMO_PJAN(1.0),25/09/26 23:00:00,Annual,Number,Total,Total,Germany,2010,81802257,,
ESTAT:DEMO_PJAN(1.0),25/09/26 23:00:00,Annual,Number,Total,Total,Germany,2011,80222065,b,
ESTAT:DEMO_PJAN(1.0),25/09/26 23:00:00,Annual,Number,Total,Total,Germany,2012,80327900,,
ESTAT:DEMO_PJAN(1.0),25/09/26 23:00:00,Annual,Number,Total,Total,Germany,2013,80523746,,
ESTAT:DEMO_PJAN(1.0),25/09/26 23:00:00,Annual,Number,Total,Total,Germany,2014,80767463,,
ESTAT:DEMO_PJAN(1.0),25/09/26 23:00:00,Annual,Number,Total,Total,Germany,2015,81197537,,
ESTAT:DEMO_PJAN(1.0),25/09/26 23:00:00,Annual,Number,Total,Total,Germany,2016,82175684,,
ESTAT:DEMO_PJAN(1.0),25/09/26 23:00:00,Annual,Number,Total,Total,Germany,2017,82521653,,
ESTAT:DEMO_PJAN(1.0),25/09/26 23:00:00,Annual,Number,Total,Total,Germany,2018,82792351,,
ESTAT:DEMO_PJAN(1.0),25/09/26 23:00:00,Annual,Number,Total,Total,Germany,2019,83019213,,
ESTAT:DEMO_PJAN(1.0),25/09/26 23:00:00,Annual,Number,Total,Total,Germany,2020,83166711,,
ESTAT:DEMO_PJAN(1.0),25/09/26 23:00:00,Annual,Number,Total,Total,Germany,2021,83155031,,
ESTAT:DEMO_PJAN(1.0),25/09/26 23:00:00,Annual,Number,Total,Total,Germany,2022,83237124,,
ESTAT:DEMO_PJAN(1.0),25/09/26 23:00:00,Annual,Number,Total,Total,Germany,2023,83118501,b,
ESTAT:DEMO_PJAN(1.0),25/09/26 23:00:00,Annual,Number,Total,Total,Germany,2024,83456045,,
ESTAT:DEMO_PJAN(1.0),25/09/26 23:00:00,Annual,Number,Total,Total,Germany,2025,83577140,,
ESTAT:DEMO_PJAN(1.0),25/09/26 23:00:00,Annual,Number,Total,Total,Denmark,2006,5427459,,
ESTAT:DEMO_PJAN(1.0),25/09/26 23:00:00,Annual,Number,Total,Total,Denmark,2007,5447084,,
ESTAT:DEMO_PJAN(1.0),25/09/26 23:00:00,Annual,Number,Total,Total,Denmark,2008,5475791,,
ESTAT:DEMO_PJAN(1.0),25/09/26 23:00:00,Annual,Number,Total,Total,Denmark,2009,5511451,,
ESTAT:DEMO_PJAN(1.0),25/09/26 23:00:00,Annual,Number,Total,Total,Denmark,2010,5534738,,
ESTAT:DEMO_PJAN(1.0),25/09/26 23:00:00,Annual,Number,Total,Total,Denmark,2011,5560628,,
ESTAT:DEMO_PJAN(1.0),25/09/26 23:00:00,Annual,Number,Total,Total,Denmark,2012,5580516,,
ESTAT:DEMO_PJAN(1.0),25/09/26 23:00:00,Annual,Number,Total,Total,Denmark,2013,5602628,,
ESTAT:DEMO_PJAN(1.0),25/09/26 23:00:00,Annual,Number,Total,Total,Denmark,2014,5627235,,
ESTAT:DEMO_PJAN(1.0),25/09/26 23:00:00,Annual,Number,Total,Total,Denmark,2015,5659715,,
ESTAT:DEMO_PJAN(1.0),25/09/26 23:00:00,Annual,Number,Total,Total,Denmark,2016,5707251,,
ESTAT:DEMO_PJAN(1.0),25/09/26 23:00:00,Annual,Number,Total,Total,Denmark,2017,5748769,,
ESTAT:DEMO_PJAN(1.0),25/09/26 23:00:00,Annual,Number,Total,Total,Denmark,2018,5781190,,
ESTAT:DEMO_PJAN(1.0),25/09/26 23:00:00,Annual,Number,Total,Total,Denmark,2019,5806081,,
ESTAT:DEMO_PJAN(1.0),25/09/26 23:00:00,Annual,Number,Total,Total,Denmark,2020,5822763,,
ESTAT:DEMO_PJAN(1.0),25/09/26 23:00:00,Annual,Number,Total,Total,Denmark,2021,5840045,,
ESTAT:DEMO_PJAN(1.0),25/09/26 23:00:00,Annual,Number,Total,Total,Denmark,2022,5873420,,
ESTAT:DEMO_PJAN(1.0),25/09/26 23:00:00,Annual,Number,Total,Total,Denmark,2023,5932654,,
ESTAT:DEMO_PJAN(1.0),25/09/26 23:00:00,Annual,Number,Total,Total,Denmark,2024,5961249,,
ESTAT:DEMO_PJAN(1.0),25/09/26 23:00:00,Annual,Number,Total,Total,Denmark,2025,5992734,,
ESTAT:DEMO_PJAN(1.0),25/09/26 23:00:00,Annual,Number,Total,Total,Estonia,2006,1350700,,
ESTAT:DEMO_PJAN(1.0),25/09/26 23:00:00,Annual,Number,Total,Total,Estonia,2007,1342920,,
ESTAT:DEMO_PJAN(1.0),25/09/26 23:00:00,Annual,Number,Total,Total,Estonia,2008,1338440,,
ESTAT:DEMO_PJAN(1.0),25/09/26 23:00:00,Annual,Number,Total,Total,Estonia,2009,1335740,,
ESTAT:DEMO_PJAN(1.0),25/09/26 23:00:00,Annual,Number,Total,Total,Estonia,2010,1333290,,
ESTAT:DEMO_PJAN(1.0),25/09/26 23:00:00,Annual,Number,Total,Total,Estonia,2011,1329660,,
ESTAT:DEMO_PJAN(1.0),25/09/26 23:00:00,Annual,Number,Total,Total,Estonia,2012,1325217,,
ESTAT:DEMO_PJAN(1.0),25/09/26 23:00:00,Annual,Number,Total,Total,Estonia,2013,1320169,,
ESTAT:DEMO_PJAN(1.0),25/09/26 23:00:00,Annual,Number,Total,Total,Estonia,2014,1315819,,
ESTAT:DEMO_PJAN(1.0),25/09/26 23:00:00,Annual,Number,Total,Total,Estonia,2015,1313271,,
ESTAT:DEMO_PJAN(1.0),25/09/26 23:00:00,Annual,Number,Total,Total,Estonia,2016,1315944,,
ESTAT:DEMO_PJAN(1.0),25/09/26 23:00:00,Annual,Number,Total,Total,Estonia,2017,1315635,,
ESTAT:DEMO_PJAN(1.0),25/09/26 23:00:00,Annual,Number,Total,Total,Estonia,2018,1319133,,
ESTAT:DEMO_PJAN(1.0),25/09/26 23:00:00,Annual,Number,Total,Total,Estonia,2019,1324820,,
ESTAT:DEMO_PJAN(1.0),25/09/26 23:00:00,Annual,Number,Total,Total,Estonia,2020,1328889,,
ESTAT:DEMO_PJAN(1.0),25/09/26 23:00:00,Annual,Number,Total,Total,Estonia,2021,1330068,,
ESTAT:DEMO_PJAN(1.0),25/09/26 23:00:00,Annual,Number,Total,Total,Estonia,2022,1331796,,
ESTAT:DEMO_PJAN(1.0),25/09/26 23:00:00,Annual,Number,Total,Total,Estonia,2023,1365884,,
ESTAT:DEMO_PJAN(1.0),25/09/26 23:00:00,Annual,Number,Total,Total,Estonia,2024,1374687,,
ESTAT:DEMO_PJAN(1.0),25/09/26 23:00:00,Annual,Number,Total,Total,Estonia,2025,1369995,,
ESTAT:DEMO_PJAN(1.0),25/09/26 23:00:00,Annual,Number,Total,Total,Greece,2006,11004716,,
ESTAT:DEMO_PJAN(1.0),25/09/26 23:00:00,Annual,Number,Total,Total,Greece,2007,11036008,,
ESTAT:DEMO_PJAN(1.0),25/09/26 23:00:00,Annual,Number,Total,Total,Greece,2008,11060937,,
ESTAT:DEMO_PJAN(1.0),25/09/26 23:00:00,Annual,Number,Total,Total,Greece,2009,11094745,,
ESTAT:DEMO_PJAN(1.0),25/09/26 23:00:00,Annual,Number,Total,Total,Greece,2010,11119289,,
ESTAT:DEMO_PJAN(1.0),25/09/26 23:00:00,Annual,Number,Total,Total,Greece,2011,11123392,,
ESTAT:DEMO_PJAN(1.0),25/09/26 23:00:00,Annual,Number,Total,Total,Greece,2012,11072725,,
ESTAT:DEMO_PJAN(1.0),25/09/26 23:00:00,Annual,Number,Total,Total,Greece,2013,10980006,,
ESTAT:DEMO_PJAN(1.0),25/09/26 23:00:00,Annual,Number,Total,Total,Greece,2014,10894294,,
ESTAT:DEMO_PJAN(1.0),25/09/26 23:00:00,Annual,Number,Total,Total,Greece,2015,10818041,,
ESTAT:DEMO_PJAN(1.0),25/09/26 23:00:00,Annual,Number,Total,Total,Greece,2016,10735415,,
ESTAT:DEMO_PJAN(1.0),25/09/26 23:00:00,Annual,Number,Total,Total,Greece,2017,10707527,,
ESTAT:DEMO_PJAN(1.0),25/09/26 23:00:00,Annual,Number,Total,Total,Greece,2018,10667336,,
ESTAT:DEMO_PJAN(1.0),25/09/26 23:00:00,Annual,Number,Total,Total,Greece,2019,10635213,,
ESTAT:DEMO_PJAN(1.0),25/09/26 23:00:00,Annual,Number,Total,Total,Greece,2020,10612591,,
ESTAT:DEMO_PJAN(1.0),25/09/26 23:00:00,Annual,Number,Total,Total,Greece,2021,10555344,,
ESTAT:DEMO_PJAN(1.0),25/09/26 23:00:00,Annual,Number,Total,Total,Greece,2022,10461627,,
ESTAT:DEMO_PJAN(1.0),25/09/26 23:00:00,Annual,Number,Total,Total,Greece,2023,10401868,,
ESTAT:DEMO_PJAN(1.0),25/09/26 23:00:00,Annual,Number,Total,Total,Greece,2024,10375764,,
ESTAT:DEMO_PJAN(1.0),25/09/26 23:00:00,Annual,Number,Total,Total,Greece,2025,10372335,,
ESTAT:DEMO_PJAN(1.0),25/09/26 23:00:00,Annual,Number,Total,Total,Spain,2006,44009971,,
ESTAT:DEMO_PJAN(1.0),25/09/26 23:00:00,Annual,Number,Total,Total,Spain,2007,44784666,,
ESTAT:DEMO_PJAN(1.0),25/09/26 23:00:00,Annual,Number,Total,Total,Spain,2008,45668939,,
ESTAT:DEMO_PJAN(1.0),25/09/26 23:00:00,Annual,Number,Total,Total,Spain,2009,46239273,,
ESTAT:DEMO_PJAN(1.0),25/09/26 23:00:00,Annual,Number,Total,Total,Spain,2010,46486619,,
ESTAT:DEMO_PJAN(1.0),25/09/26 23:00:00,Annual,Number,Total,Total,Spain,2011,46667174,,
ESTAT:DEMO_PJAN(1.0),25/09/26 23:00:00,Annual,Number,Total,Total,Spain,2012,46818219,,
ESTAT:DEMO_PJAN(1.0),25/09/26 23:00:00,Annual,Number,Total,Total,Spain,2013,46712650,,
ESTAT:DEMO_PJAN(1.0),25/09/26 23:00:00,Annual,Number,Total,Total,Spain,2014,46495744,,
ESTAT:DEMO_PJAN(1.0),25/09/26 23:00:00,Annual,Number,Total,Total,Spain,2015,46425722,,
ESTAT:DEMO_PJAN(1.0),25/09/26 23:00:00,Annual,Number,Total,Total,Spain,2016,46418884,,
ESTAT:DEMO_PJAN(1.0),25/09/26 23:00:00,Annual,Number,Total,Total,Spain,2017,46497393,,
ESTAT:DEMO_PJAN(1.0),25/09/26 23:00:00,Annual,Number,Total,Total,Spain,2018,46645070,,
ESTAT:DEMO_PJAN(1.0),25/09/26 23:00:00,Annual,Number,Total,Total,Spain,2019,46918951,,
ESTAT:DEMO_PJAN(1.0),25/09/26 23:00:00,Annual,Number,Total,Total,Spain,2020,47318050,,
ESTAT:DEMO_PJAN(1.0),25/09/26 23:00:00,Annual,Number,Total,Total,Spain,2021,47400798,,
ESTAT:DEMO_PJAN(1.0),25/09/26 23:00:00,Annual,Number,Total,Total,Spain,2022,47486843,,
ESTAT:DEMO_PJAN(1.0),25/09/26 23:00:00,Annual,Number,Total,Total,Spain,2023,48085361,,
ESTAT:DEMO_PJAN(1.0),25/09/26 23:00:00,Annual,Number,Total,Total,Spain,2024,48619695,,
ESTAT:DEMO_PJAN(1.0),25/09/26 23:00:00,Annual,Number,Total,Total,Spain,2025,49128297,,
ESTAT:DEMO_PJAN(1.0),25/09/26 23:00:00,Annual,Number,Total,Total,Finland,2006,5255580,,
ESTAT:DEMO_PJAN(1.0),25/09/26 23:00:00,Annual,Number,Total,Total,Finland,2007,5276955,,
ESTAT:DEMO_PJAN(1.0),25/09/26 23:00:00,Annual,Number,Total,Total,Finland,2008,5300484,,
ESTAT:DEMO_PJAN(1.0),25/09/26 23:00:00,Annual,Number,Total,Total,Finland,2009,5326314,,
ESTAT:DEMO_PJAN(1.0),25/09/26 23:00:00,Annual,Number,Total,Total,Finland,2010,5351427,,
ESTAT:DEMO_PJAN(1.0),25/09/26 23:00:00,Annual,Number,Total,Total,Finland,2011,5375276,,
ESTAT:DEMO_PJAN(1.0),25/09/26 23:00:00,Annual,Number,Total,Total,Finland,2012,5401267,,
ESTAT:DEMO_PJAN(1.0),25/09/26 23:00:00,Annual,Number,Total,Total,Finland,2013,5426674,,
ESTAT:DEMO_PJAN(1.0),25/09/26 23:00:00,Annual,Number,Total,Total,Finland,2014,5451270,,
ESTAT:DEMO_PJAN(1.0),25/09/26 23:00:00,Annual,Number,Total,Total,Finland,2015,5471753,,
ESTAT:DEMO_PJAN(1.0),25/09/26 23:00:00,Annual,Number,Total,Total,Finland,2016,5487308,,
ESTAT:DEMO_PJAN(1.0),25/09/26 23:00:00,Annual,Number,Total,Total,Finland,2017,5503297,,
ESTAT:DEMO_PJAN(1.0),25/09/26 23:00:00,Annual,Number,Total,Total,Finland,2018,5513130,,
ESTAT:DEMO_PJAN(1.0),25/09/26 23:00:00,Annual,Number,Total,Total,Finland,2019,5517919,,
ESTAT:DEMO_PJAN(1.0),25/09/26 23:00:00,Annual,Number,Total,Total,Finland,2020,5525292,,
ESTAT:DEMO_PJAN(1.0),25/09/26 23:00:00,Annual,Number,Total,Total,Finland,2021,5533793,,
ESTAT:DEMO_PJAN(1.0),25/09/26 23:00:00,Annual,Number,Total,Total,Finland,2022,5548241,,
ESTAT:DEMO_PJAN(1.0),25/09/26 23:00:00,Annual,Number,Total,Total,Finland,2023,5563970,,
ESTAT:DEMO_PJAN(1.0),25/09/26 23:00:00,Annual,Number,Total,Total,Finland,2024,5603851,,
ESTAT:DEMO_PJAN(1.0),25/09/26 23:00:00,Annual,Number,Total,Total,Finland,2025,5635971,,
ESTAT:DEMO_PJAN(1.0),25/09/26 23:00:00,Annual,Number,Total,Total,France,2006,63229635,,
ESTAT:DEMO_PJAN(1.0),25/09/26 23:00:00,Annual,Number,Total,Total,France,2007,63645065,,
ESTAT:DEMO_PJAN(1.0),25/09/26 23:00:00,Annual,Number,Total,Total,France,2008,64007193,,
ESTAT:DEMO_PJAN(1.0),25/09/26 23:00:00,Annual,Number,Total,Total,France,2009,64350226,,
ESTAT:DEMO_PJAN(1.0),25/09/26 23:00:00,Annual,Number,Total,Total,France,2010,64658856,,
ESTAT:DEMO_PJAN(1.0),25/09/26 23:00:00,Annual,Number,Total,Total,France,2011,64978721,,
ESTAT:DEMO_PJAN(1.0),25/09/26 23:00:00,Annual,Number,Total,Total,France,2012,65276983,b,
ESTAT:DEMO_PJAN(1.0),25/09/26 23:00:00,Annual,Number,Total,Total,France,2013,65600350,,
ESTAT:DEMO_PJAN(1.0),25/09/26 23:00:00,Annual,Number,Total,Total,France,2014,66165980,b,
ESTAT:DEMO_PJAN(1.0),25/09/26 23:00:00,Annual,Number,Total,Total,France,2015,66458153,,
ESTAT:DEMO_PJAN(1.0),25/09/26 23:00:00,Annual,Number,Total,Total,France,2016,66638391,,
ESTAT:DEMO_PJAN(1.0),25/09/26 23:00:00,Annual,Number,Total,Total,France,2017,66809816,,
ESTAT:DEMO_PJAN(1.0),25/09/26 23:00:00,Annual,Number,Total,Total,France,2018,67026224,p,
ESTAT:DEMO_PJAN(1.0),25/09/26 23:00:00,Annual,Number,Total,Total,France,2019,67290471,,
ESTAT:DEMO_PJAN(1.0),25/09/26 23:00:00,Annual,Number,Total,Total,France,2020,67473651,,
ESTAT:DEMO_PJAN(1.0),25/09/26 23:00:00,Annual,Number,Total,Total,France,2021,67728568,,
ESTAT:DEMO_PJAN(1.0),25/09/26 23:00:00,Annual,Number,Total,Total,France,2022,68091703,,
ESTAT:DEMO_PJAN(1.0),25/09/26 23:00:00,Annual,Number,Total,Total,France,2023,68277210,p,
ESTAT:DEMO_PJAN(1.0),25/09/26 23:00:00,Annual,Number,Total,Total,France,2024,68669303,p,
ESTAT:DEMO_PJAN(1.0),25/09/26 23:00:00,Annual,Number,Total,Total,France,2025,68882600,p,
ESTAT:DEMO_PJAN(1.0),25/09/26 23:00:00,Annual,Number,Total,Total,Croatia,2006,4312487,,
ESTAT:DEMO_PJAN(1.0),25/09/26 23:00:00,Annual,Number,Total,Total,Croatia,2007,4313530,,
ESTAT:DEMO_PJAN(1.0),25/09/26 23:00:00,Annual,Number,Total,Total,Croatia,2008,4311967,,
ESTAT:DEMO_PJAN(1.0),25/09/26 23:00:00,Annual,Number,Total,Total,Croatia,2009,4309796,,
ESTAT:DEMO_PJAN(1.0),25/09/26 23:00:00,Annual,Number,Total,Total,Croatia,2010,4302847,,
ESTAT:DEMO_PJAN(1.0),25/09/26 23:00:00,Annual,Number,Total,Total,Croatia,2011,4289857,,
ESTAT:DEMO_PJAN(1.0),25/09/26 23:00:00,Annual,Number,Total,Total,Croatia,2012,4275984,,
ESTAT:DEMO_PJAN(1.0),25/09/26 23:00:00,Annual,Number,Total,Total,Croatia,2013,4247803,,
ESTAT:DEMO_PJAN(1.0),25/09/26 23:00:00,Annual,Number,Total,Total,Croatia,2014,4217632,,
ESTAT:DEMO_PJAN(1.0),25/09/26 23:00:00,Annual,Number,Total,Total,Croatia,2015,4180915,,
ESTAT:DEMO_PJAN(1.0),25/09/26 23:00:00,Annual,Number,Total,Total,Croatia,2016,4131115,,
ESTAT:DEMO_PJAN(1.0),25/09/26 23:00:00,Annual,Number,Total,Total,Croatia,2017,4078769,,
ESTAT:DEMO_PJAN(1.0),25/09/26 23:00:00,Annual,Number,Total,Total,Croatia,2018,4014341,,
ESTAT:DEMO_PJAN(1.0),25/09/26 23:00:00,Annual,Number,Total,Total,Croatia,2019,3968676,,
ESTAT:DEMO_PJAN(1.0),25/09/26 23:00:00,Annual,Number,Total,Total,Croatia,2020,3933511,,
ESTAT:DEMO_PJAN(1.0),25/09/26 23:00:00,Annual,Number,Total,Total,Croatia,2021,3893026,,
ESTAT:DEMO_PJAN(1.0),25/09/26 23:00:00,Annual,Number,Total,Total,Croatia,2022,3862305,,
ESTAT:DEMO_PJAN(1.0),25/09/26 23:00:00,Annual,Number,Total,Total,Croatia,2023,3850894,,
ESTAT:DEMO_PJAN(1.0),25/09/26 23:00:00,Annual,Number,Total,Total,Croatia,2024,3861967,,
ESTAT:DEMO_PJAN(1.0),25/09/26 23:00:00,Annual,Number,Total,Total,Croatia,2025,3874350,,
ESTAT:DEMO_PJAN(1.0),25/09/26 23:00:00,Annual,Number,Total,Total,Ireland,2006,4208156,,
ESTAT:DEMO_PJAN(1.0),25/09/26 23:00:00,Annual,Number,Total,Total,Ireland,2007,4340118,,
ESTAT:DEMO_PJAN(1.0),25/09/26 23:00:00,Annual,Number,Total,Total,Ireland,2008,4457765,,
ESTAT:DEMO_PJAN(1.0),25/09/26 23:00:00,Annual,Number,Total,Total,Ireland,2009,4521322,,
ESTAT:DEMO_PJAN(1.0),25/09/26 23:00:00,Annual,Number,Total,Total,Ireland,2010,4549428,,
ESTAT:DEMO_PJAN(1.0),25/09/26 23:00:00,Annual,Number,Total,Total,Ireland,2011,4570881,,
ESTAT:DEMO_PJAN(1.0),25/09/26 23:00:00,Annual,Number,Total,Total,Ireland,2012,4589287,,
ESTAT:DEMO_PJAN(1.0),25/09/26 23:00:00,Annual,Number,Total,Total,Ireland,2013,4609779,,
ESTAT:DEMO_PJAN(1.0),25/09/26 23:00:00,Annual,Number,Total,Total,Ireland,2014,4637852,,
ESTAT:DEMO_PJAN(1.0),25/09/26 23:00:00,Annual,Number,Total,Total,Ireland,2015,4677627,,
ESTAT:DEMO_PJAN(1.0),25/09/26 23:00:00,Annual,Number,Total,Total,Ireland,2016,4726286,,
ESTAT:DEMO_PJAN(1.0),25/09/26 23:00:00,Annual,Number,Total,Total,Ireland,2017,4799157,,
ESTAT:DEMO_PJAN(1.0),25/09/26 23:00:00,Annual,Number,Total,Total,Ireland,2018,4855733,,
ESTAT:DEMO_PJAN(1.0),25/09/26 23:00:00,Annual,Number,Total,Total,Ireland,2019,4940311,,
ESTAT:DEMO_PJAN(1.0),25/09/26 23:00:00,Annual,Number,Total,Total,Ireland,2020,5012600,,
ESTAT:DEMO_PJAN(1.0),25/09/26 23:00:00,Annual,Number,Total,Total,Ireland,2021,5066893,,
ESTAT:DEMO_PJAN(1.0),25/09/26 23:00:00,Annual,Number,Total,Total,Ireland,2022,5154277,,
ESTAT:DEMO_PJAN(1.0),25/09/26 23:00:00,Annual,Number,Total,Total,Ireland,2023,5271395,,
ESTAT:DEMO_PJAN(1.0),25/09/26 23:00:00,Annual,Number,Total,Total,Ireland,2024,5351681,,
ESTAT:DEMO_PJAN(1.0),25/09/26 23:00:00,Annual,Number,Total,Total,Ireland,2025,5440278,,
ESTAT:DEMO_PJAN(1.0),25/09/26 23:00:00,Annual,Number,Total,Total,Italy,2006,58288996,,
ESTAT:DEMO_PJAN(1.0),25/09/26 23:00:00,Annual,Number,Total,Total,Italy,2007,58510725,,
ESTAT:DEMO_PJAN(1.0),25/09/26 23:00:00,Annual,Number,Total,Total,Italy,2008,59001769,,
ESTAT:DEMO_PJAN(1.0),25/09/26 23:00:00,Annual,Number,Total,Total,Italy,2009,59420592,,
ESTAT:DEMO_PJAN(1.0),25/09/26 23:00:00,Annual,Number,Total,Total,Italy,2010,59690316,,
ESTAT:DEMO_PJAN(1.0),25/09/26 23:00:00,Annual,Number,Total,Total,Italy,2011,59948497,,
ESTAT:DEMO_PJAN(1.0),25/09/26 23:00:00,Annual,Number,Total,Total,Italy,2012,60105185,,
ESTAT:DEMO_PJAN(1.0),25/09/26 23:00:00,Annual,Number,Total,Total,Italy,2013,60277309,,
ESTAT:DEMO_PJAN(1.0),25/09/26 23:00:00,Annual,Number,Total,Total,Italy,2014,60345917,,
ESTAT:DEMO_PJAN(1.0),25/09/26 23:00:00,Annual,Number,Total,Total,Italy,2015,60295497,,
ESTAT:DEMO_PJAN(1.0),25/09/26 23:00:00,Annual,Number,Total,Total,Italy,2016,60163712,,
ESTAT:DEMO_PJAN(1.0),25/09/26 23:00:00,Annual,Number,Total,Total,Italy,2017,60066734,,
ESTAT:DEMO_PJAN(1.0),25/09/26 23:00:00,Annual,Number,Total,Total,Italy,2018,59937769,,
ESTAT:DEMO_PJAN(1.0),25/09/26 23:00:00,Annual,Number,Total,Total,Italy,2019,59816673,b,
ESTAT:DEMO_PJAN(1.0),25/09/26 23:00:00,Annual,Number,Total,Total,Italy,2020,59641488,,
ESTAT:DEMO_PJAN(1.0),25/09/26 23:00:00,Annual,Number,Total,Total,Italy,2021,59236213,,
ESTAT:DEMO_PJAN(1.0),25/09/26 23:00:00,Annual,Number,Total,Total,Italy,2022,59030133,,
ESTAT:DEMO_PJAN(1.0),25/09/26 23:00:00,Annual,Number,Total,Total,Italy,2023,58997201,,
ESTAT:DEMO_PJAN(1.0),25/09/26 23:00:00,Annual,Number,Total,Total,Italy,2024,58971230,,
ESTAT:DEMO_PJAN(1.0),25/09/26 23:00:00,Annual,Number,Total,Total,Italy,2025,58943464,,
ESTAT:DEMO_PJAN(1.0),25/09/26 23:00:00,Annual,Number,Total,Total,Lithuania,2006,3289835,,
ESTAT:DEMO_PJAN(1.0),25/09/26 23:00:00,Annual,Number,Total,Total,Lithuania,2007,3249983,,
ESTAT:DEMO_PJAN(1.0),25/09/26 23:00:00,Annual,Number,Total,Total,Lithuania,2008,3212605,,
ESTAT:DEMO_PJAN(1.0),25/09/26 23:00:00,Annual,Number,Total,Total,Lithuania,2009,3183856,,
ESTAT:DEMO_PJAN(1.0),25/09/26 23:00:00,Annual,Number,Total,Total,Lithuania,2010,3141976,,
ESTAT:DEMO_PJAN(1.0),25/09/26 23:00:00,Annual,Number,Total,Total,Lithuania,2011,3052588,,
ESTAT:DEMO_PJAN(1.0),25/09/26 23:00:00,Annual,Number,Total,Total,Lithuania,2012,3003641,,
ESTAT:DEMO_PJAN(1.0),25/09/26 23:00:00,Annual,Number,Total,Total,Lithuania,2013,2974637,,
ESTAT:DEMO_PJAN(1.0),25/09/26 23:00:00,Annual,Number,Total,Total,Lithuania,2014,2947862,,
ESTAT:DEMO_PJAN(1.0),25/09/26 23:00:00,Annual,Number,Total,Total,Lithuania,2015,2926644,,
ESTAT:DEMO_PJAN(1.0),25/09/26 23:00:00,Annual,Number,Total,Total,Lithuania,2016,2895573,,
ESTAT:DEMO_PJAN(1.0),25/09/26 23:00:00,Annual,Number,Total,Total,Lithuania,2017,2859077,,
ESTAT:DEMO_PJAN(1.0),25/09/26 23:00:00,Annual,Number,Total,Total,Lithuania,2018,2826200,,
ESTAT:DEMO_PJAN(1.0),25/09/26 23:00:00,Annual,Number,Total,Total,Lithuania,2019,2812200,,
ESTAT:DEMO_PJAN(1.0),25/09/26 23:00:00,Annual,Number,Total,Total,Lithuania,2020,2809977,,
ESTAT:DEMO_PJAN(1.0),25/09/26 23:00:00,Annual,Number,Total,Total,Lithuania,2021,2810761,,
ESTAT:DEMO_PJAN(1.0),25/09/26 23:00:00,Annual,Number,Total,Total,Lithuania,2022,2805998,,
ESTAT:DEMO_PJAN(1.0),25/09/26 23:00:00,Annual,Number,Total,Total,Lithuania,2023,2857279,,
ESTAT:DEMO_PJAN(1.0),25/09/26 23:00:00,Annual,Number,Total,Total,Lithuania,2024,2885891,,
ESTAT:DEMO_PJAN(1.0),25/09/26 23:00:00,Annual,Number,Total,Total,Lithuania,2025,2890664,,
ESTAT:DEMO_PJAN(1.0),25/09/26 23:00:00,Annual,Number,Total,Total,Luxembourg,2006,469086,,
ESTAT:DEMO_PJAN(1.0),25/09/26 23:00:00,Annual,Number,Total,Total,Luxembourg,2007,476187,,
ESTAT:DEMO_PJAN(1.0),25/09/26 23:00:00,Annual,Number,Total,Total,Luxembourg,2008,483799,,
ESTAT:DEMO_PJAN(1.0),25/09/26 23:00:00,Annual,Number,Total,Total,Luxembourg,2009,493500,,
ESTAT:DEMO_PJAN(1.0),25/09/26 23:00:00,Annual,Number,Total,Total,Luxembourg,2010,502066,,
ESTAT:DEMO_PJAN(1.0),25/09/26 23:00:00,Annual,Number,Total,Total,Luxembourg,2011,511840,,
ESTAT:DEMO_PJAN(1.0),25/09/26 23:00:00,Annual,Number,Total,Total,Luxembourg,2012,524853,b,
ESTAT:DEMO_PJAN(1.0),25/09/26 23:00:00,Annual,Number,Total,Total,Luxembourg,2013,537039,,
ESTAT:DEMO_PJAN(1.0),25/09/26 23:00:00,Annual,Number,Total,Total,Luxembourg,2014,549680,,
ESTAT:DEMO_PJAN(1.0),25/09/26 23:00:00,Annual,Number,Total,Total,Luxembourg,2015,562958,,
ESTAT:DEMO_PJAN(1.0),25/09/26 23:00:00,Annual,Number,Total,Total,Luxembourg,2016,576249,,
ESTAT:DEMO_PJAN(1.0),25/09/26 23:00:00,Annual,Number,Total,Total,Luxembourg,2017,590667,b,
ESTAT:DEMO_PJAN(1.0),25/09/26 23:00:00,Annual,Number,Total,Total,Luxembourg,2018,602005,,
ESTAT:DEMO_PJAN(1.0),25/09/26 23:00:00,Annual,Number,Total,Total,Luxembourg,2019,613894,,
ESTAT:DEMO_PJAN(1.0),25/09/26 23:00:00,Annual,Number,Total,Total,Luxembourg,2020,626108,,
ESTAT:DEMO_PJAN(1.0),25/09/26 23:00:00,Annual,Number,Total,Total,Luxembourg,2021,634730,,
ESTAT:DEMO_PJAN(1.0),25/09/26 23:00:00,Annual,Number,Total,Total,Luxembourg,2022,645397,,
ESTAT:DEMO_PJAN(1.0),25/09/26 23:00:00,Annual,Number,Total,Total,Luxembourg,2023,660809,,
ESTAT:DEMO_PJAN(1.0),25/09/26 23:00:00,Annual,Number,Total,Total,Luxembourg,2024,672050,,
ESTAT:DEMO_PJAN(1.0),25/09/26 23:00:00,Annual,Number,Total,Total,Luxembourg,2025,681973,,
ESTAT:DEMO_PJAN(1.0),25/09/26 23:00:00,Annual,Number,Total,Total,Latvia,2006,2227874,,
ESTAT:DEMO_PJAN(1.0),25/09/26 23:00:00,Annual,Number,Total,Total,Latvia,2007,2208840,,
ESTAT:DEMO_PJAN(1.0),25/09/26 23:00:00,Annual,Number,Total,Total,Latvia,2008,2191810,,
ESTAT:DEMO_PJAN(1.0),25/09/26 23:00:00,Annual,Number,Total,Total,Latvia,2009,2162834,,
ESTAT:DEMO_PJAN(1.0),25/09/26 23:00:00,Annual,Number,Total,Total,Latvia,2010,2120504,,
ESTAT:DEMO_PJAN(1.0),25/09/26 23:00:00,Annual,Number,Total,Total,Latvia,2011,2074605,,
ESTAT:DEMO_PJAN(1.0),25/09/26 23:00:00,Annual,Number,Total,Total,Latvia,2012,2044813,,
ESTAT:DEMO_PJAN(1.0),25/09/26 23:00:00,Annual,Number,Total,Total,Latvia,2013,2023825,,
ESTAT:DEMO_PJAN(1.0),25/09/26 23:00:00,Annual,Number,Total,Total,Latvia,2014,2001468,,
ESTAT:DEMO_PJAN(1.0),25/09/26 23:00:00,Annual,Number,Total,Total,Latvia,2015,1986096,,
ESTAT:DEMO_PJAN(1.0),25/09/26 23:00:00,Annual,Number,Total,Total,Latvia,2016,1968957,,
ESTAT:DEMO_PJAN(1.0),25/09/26 23:00:00,Annual,Number,Total,Total,Latvia,2017,1950116,,
ESTAT:DEMO_PJAN(1.0),25/09/26 23:00:00,Annual,Number,Total,Total,Latvia,2018,1934379,,
ESTAT:DEMO_PJAN(1.0),25/09/26 23:00:00,Annual,Number,Total,Total,Latvia,2019,1919968,,
ESTAT:DEMO_PJAN(1.0),25/09/26 23:00:00,Annual,Number,Total,Total,Latvia,2020,1907675,,
ESTAT:DEMO_PJAN(1.0),25/09/26 23:00:00,Annual,Number,Total,Total,Latvia,2021,1893223,,
ESTAT:DEMO_PJAN(1.0),25/09/26 23:00:00,Annual,Number,Total,Total,Latvia,2022,1875757,,
ESTAT:DEMO_PJAN(1.0),25/09/26 23:00:00,Annual,Number,Total,Total,Latvia,2023,1895239,,
ESTAT:DEMO_PJAN(1.0),25/09/26 23:00:00,Annual,Number,Total,Total,Latvia,2024,1878575,,
ESTAT:DEMO_PJAN(1.0),25/09/26 23:00:00,Annual,Number,Total,Total,Latvia,2025,1860565,,
ESTAT:DEMO_PJAN(1.0),25/09/26 23:00:00,Annual,Number,Total,Total,Netherlands,2006,16334210,,
ESTAT:DEMO_PJAN(1.0),25/09/26 23:00:00,Annual,Number,Total,Total,Netherlands,2007,16357992,,
ESTAT:DEMO_PJAN(1.0),25/09/26 23:00:00,Annual,Number,Total,Total,Netherlands,2008,16405399,,
ESTAT:DEMO_PJAN(1.0),25/09/26 23:00:00,Annual,Number,Total,Total,Netherlands,2009,16485787,,
ESTAT:DEMO_PJAN(1.0),25/09/26 23:00:00,Annual,Number,Total,Total,Netherlands,2010,16574989,,
ESTAT:DEMO_PJAN(1.0),25/09/26 23:00:00,Annual,Number,Total,Total,Netherlands,2011,16655799,,
ESTAT:DEMO_PJAN(1.0),25/09/26 23:00:00,Annual,Number,Total,Total,Netherlands,2012,16730348,,
ESTAT:DEMO_PJAN(1.0),25/09/26 23:00:00,Annual,Number,Total,Total,Netherlands,2013,16779575,,
ESTAT:DEMO_PJAN(1.0),25/09/26 23:00:00,Annual,Number,Total,Total,Netherlands,2014,16829289,,
ESTAT:DEMO_PJAN(1.0),25/09/26 23:00:00,Annual,Number,Total,Total,Netherlands,2015,16900726,,
ESTAT:DEMO_PJAN(1.0),25/09/26 23:00:00,Annual,Number,Total,Total,Netherlands,2016,16979120,,
ESTAT:DEMO_PJAN(1.0),25/09/26 23:00:00,Annual,Number,Total,Total,Netherlands,2017,17081507,,
ESTAT:DEMO_PJAN(1.0),25/09/26 23:00:00,Annual,Number,Total,Total,Netherlands,2018,17181084,,
ESTAT:DEMO_PJAN(1.0),25/09/26 23:00:00,Annual,Number,Total,Total,Netherlands,2019,17282163,,
ESTAT:DEMO_PJAN(1.0),25/09/26 23:00:00,Annual,Number,Total,Total,Netherlands,2020,17407585,,
ESTAT:DEMO_PJAN(1.0),25/09/26 23:00:00,Annual,Number,Total,Total,Netherlands,2021,17475415,,
ESTAT:DEMO_PJAN(1.0),25/09/26 23:00:00,Annual,Number,Total,Total,Netherlands,2022,17590672,,
ESTAT:DEMO_PJAN(1.0),25/09/26 23:00:00,Annual,Number,Total,Total,Netherlands,2023,17811291,,
ESTAT:DEMO_PJAN(1.0),25/09/26 23:00:00,Annual,Number,Total,Total,Netherlands,2024,17942942,,
ESTAT:DEMO_PJAN(1.0),25/09/26 23:00:00,Annual,Number,Total,Total,Netherlands,2025,18044027,,
ESTAT:DEMO_PJAN(1.0),25/09/26 23:00:00,Annual,Number,Total,Total,Poland,2006,38157055,,
ESTAT:DEMO_PJAN(1.0),25/09/26 23:00:00,Annual,Number,Total,Total,Poland,2007,38125479,,
ESTAT:DEMO_PJAN(1.0),25/09/26 23:00:00,Annual,Number,Total,Total,Poland,2008,38115641,,
ESTAT:DEMO_PJAN(1.0),25/09/26 23:00:00,Annual,Number,Total,Total,Poland,2009,38135876,,
ESTAT:DEMO_PJAN(1.0),25/09/26 23:00:00,Annual,Number,Total,Total,Poland,2010,38022869,b,
ESTAT:DEMO_PJAN(1.0),25/09/26 23:00:00,Annual,Number,Total,Total,Poland,2011,38062718,,
ESTAT:DEMO_PJAN(1.0),25/09/26 23:00:00,Annual,Number,Total,Total,Poland,2012,38063792,,
ESTAT:DEMO_PJAN(1.0),25/09/26 23:00:00,Annual,Number,Total,Total,Poland,2013,38062535,,
ESTAT:DEMO_PJAN(1.0),25/09/26 23:00:00,Annual,Number,Total,Total,Poland,2014,38017856,,
ESTAT:DEMO_PJAN(1.0),25/09/26 23:00:00,Annual,Number,Total,Total,Poland,2015,38005614,,
ESTAT:DEMO_PJAN(1.0),25/09/26 23:00:00,Annual,Number,Total,Total,Poland,2016,37967209,,
ESTAT:DEMO_PJAN(1.0),25/09/26 23:00:00,Annual,Number,Total,Total,Poland,2017,37972964,,
ESTAT:DEMO_PJAN(1.0),25/09/26 23:00:00,Annual,Number,Total,Total,Poland,2018,37976687,,
ESTAT:DEMO_PJAN(1.0),25/09/26 23:00:00,Annual,Number,Total,Total,Poland,2019,37972812,,
ESTAT:DEMO_PJAN(1.0),25/09/26 23:00:00,Annual,Number,Total,Total,Poland,2020,37958138,,
ESTAT:DEMO_PJAN(1.0),25/09/26 23:00:00,Annual,Number,Total,Total,Poland,2021,37073357,bep,
ESTAT:DEMO_PJAN(1.0),25/09/26 23:00:00,Annual,Number,Total,Total,Poland,2022,36889761,ep,
ESTAT:DEMO_PJAN(1.0),25/09/26 23:00:00,Annual,Number,Total,Total,Poland,2023,36753736,ep,
ESTAT:DEMO_PJAN(1.0),25/09/26 23:00:00,Annual,Number,Total,Total,Poland,2024,36620970,,
ESTAT:DEMO_PJAN(1.0),25/09/26 23:00:00,Annual,Number,Total,Total,Poland,2025,36497495,,
ESTAT:DEMO_PJAN(1.0),25/09/26 23:00:00,Annual,Number,Total,Total,Portugal,2006,10511988,,
ESTAT:DEMO_PJAN(1.0),25/09/26 23:00:00,Annual,Number,Total,Total,Portugal,2007,10532588,,
ESTAT:DEMO_PJAN(1.0),25/09/26 23:00:00,Annual,Number,Total,Total,Portugal,2008,10553339,,
ESTAT:DEMO_PJAN(1.0),25/09/26 23:00:00,Annual,Number,Total,Total,Portugal,2009,10563014,,
ESTAT:DEMO_PJAN(1.0),25/09/26 23:00:00,Annual,Number,Total,Total,Portugal,2010,10573479,,
ESTAT:DEMO_PJAN(1.0),25/09/26 23:00:00,Annual,Number,Total,Total,Portugal,2011,10572721,,
ESTAT:DEMO_PJAN(1.0),25/09/26 23:00:00,Annual,Number,Total,Total,Portugal,2012,10558950,,
ESTAT:DEMO_PJAN(1.0),25/09/26 23:00:00,Annual,Number,Total,Total,Portugal,2013,10503889,,
ESTAT:DEMO_PJAN(1.0),25/09/26 23:00:00,Annual,Number,Total,Total,Portugal,2014,10444092,,
ESTAT:DEMO_PJAN(1.0),25/09/26 23:00:00,Annual,Number,Total,Total,Portugal,2015,10395121,,
ESTAT:DEMO_PJAN(1.0),25/09/26 23:00:00,Annual,Number,Total,Total,Portugal,2016,10368554,,
ESTAT:DEMO_PJAN(1.0),25/09/26 23:00:00,Annual,Number,Total,Total,Portugal,2017,10344478,,
ESTAT:DEMO_PJAN(1.0),25/09/26 23:00:00,Annual,Number,Total,Total,Portugal,2018,10335770,,
ESTAT:DEMO_PJAN(1.0),25/09/26 23:00:00,Annual,Number,Total,Total,Portugal,2019,10333496,,
ESTAT:DEMO_PJAN(1.0),25/09/26 23:00:00,Annual,Number,Total,Total,Portugal,2020,10375395,,
ESTAT:DEMO_PJAN(1.0),25/09/26 23:00:00,Annual,Number,Total,Total,Portugal,2021,10394297,,
ESTAT:DEMO_PJAN(1.0),25/09/26 23:00:00,Annual,Number,Total,Total,Portugal,2022,10421117,,
ESTAT:DEMO_PJAN(1.0),25/09/26 23:00:00,Annual,Number,Total,Total,Portugal,2023,10516621,,
ESTAT:DEMO_PJAN(1.0),25/09/26 23:00:00,Annual,Number,Total,Total,Portugal,2024,10639726,,
ESTAT:DEMO_PJAN(1.0),25/09/26 23:00:00,Annual,Number,Total,Total,Portugal,2025,10749635,,
ESTAT:DEMO_PJAN(1.0),25/09/26 23:00:00,Annual,Number,Total,Total,Romania,2006,21257016,,
ESTAT:DEMO_PJAN(1.0),25/09/26 23:00:00,Annual,Number,Total,Total,Romania,2007,21130503,,
ESTAT:DEMO_PJAN(1.0),25/09/26 23:00:00,Annual,Number,Total,Total,Romania,2008,20635460,,
ESTAT:DEMO_PJAN(1.0),25/09/26 23:00:00,Annual,Number,Total,Total,Romania,2009,20440290,,
ESTAT:DEMO_PJAN(1.0),25/09/26 23:00:00,Annual,Number,Total,Total,Romania,2010,20294683,,
ESTAT:DEMO_PJAN(1.0),25/09/26 23:00:00,Annual,Number,Total,Total,Romania,2011,20199059,,
ESTAT:DEMO_PJAN(1.0),25/09/26 23:00:00,Annual,Number,Total,Total,Romania,2012,20095996,,
ESTAT:DEMO_PJAN(1.0),25/09/26 23:00:00,Annual,Number,Total,Total,Romania,2013,20020074,,
ESTAT:DEMO_PJAN(1.0),25/09/26 23:00:00,Annual,Number,Total,Total,Romania,2014,19947311,,
ESTAT:DEMO_PJAN(1.0),25/09/26 23:00:00,Annual,Number,Total,Total,Romania,2015,19870647,,
ESTAT:DEMO_PJAN(1.0),25/09/26 23:00:00,Annual,Number,Total,Total,Romania,2016,19760585,,
ESTAT:DEMO_PJAN(1.0),25/09/26 23:00:00,Annual,Number,Total,Total,Romania,2017,19643949,,
ESTAT:DEMO_PJAN(1.0),25/09/26 23:00:00,Annual,Number,Total,Total,Romania,2018,19533481,,
ESTAT:DEMO_PJAN(1.0),25/09/26 23:00:00,Annual,Number,Total,Total,Romania,2019,19414458,,
ESTAT:DEMO_PJAN(1.0),25/09/26 23:00:00,Annual,Number,Total,Total,Romania,2020,19328838,e,
ESTAT:DEMO_PJAN(1.0),25/09/26 23:00:00,Annual,Number,Total,Total,Romania,2021,19201662,,
ESTAT:DEMO_PJAN(1.0),25/09/26 23:00:00,Annual,Number,Total,Total,Romania,2022,19043098,e,
ESTAT:DEMO_PJAN(1.0),25/09/26 23:00:00,Annual,Number,Total,Total,Romania,2023,19055228,e,
ESTAT:DEMO_PJAN(1.0),25/09/26 23:00:00,Annual,Number,Total,Total,Romania,2024,19067576,e,
ESTAT:DEMO_PJAN(1.0),25/09/26 23:00:00,Annual,Number,Total,Total,Romania,2025,19043151,e,
ESTAT:DEMO_PJAN(1.0),25/09/26 23:00:00,Annual,Number,Total,Total,Sweden,2006,9047752,,
ESTAT:DEMO_PJAN(1.0),25/09/26 23:00:00,Annual,Number,Total,Total,Sweden,2007,9113257,,
ESTAT:DEMO_PJAN(1.0),25/09/26 23:00:00,Annual,Number,Total,Total,Sweden,2008,9182927,,
ESTAT:DEMO_PJAN(1.0),25/09/26 23:00:00,Annual,Number,Total,Total,Sweden,2009,9256347,,
ESTAT:DEMO_PJAN(1.0),25/09/26 23:00:00,Annual,Number,Total,Total,Sweden,2010,9340682,,
ESTAT:DEMO_PJAN(1.0),25/09/26 23:00:00,Annual,Number,Total,Total,Sweden,2011,9415570,,
ESTAT:DEMO_PJAN(1.0),25/09/26 23:00:00,Annual,Number,Total,Total,Sweden,2012,9482855,,
ESTAT:DEMO_PJAN(1.0),25/09/26 23:00:00,Annual,Number,Total,Total,Sweden,2013,9555893,,
ESTAT:DEMO_PJAN(1.0),25/09/26 23:00:00,Annual,Number,Total,Total,Sweden,2014,9644864,,
ESTAT:DEMO_PJAN(1.0),25/09/26 23:00:00,Annual,Number,Total,Total,Sweden,2015,9747355,,
ESTAT:DEMO_PJAN(1.0),25/09/26 23:00:00,Annual,Number,Total,Total,Sweden,2016,9851017,,
ESTAT:DEMO_PJAN(1.0),25/09/26 23:00:00,Annual,Number,Total,Total,Sweden,2017,9995153,,
ESTAT:DEMO_PJAN(1.0),25/09/26 23:00:00,Annual,Number,Total,Total,Sweden,2018,10120242,,
ESTAT:DEMO_PJAN(1.0),25/09/26 23:00:00,Annual,Number,Total,Total,Sweden,2019,10230185,,
ESTAT:DEMO_PJAN(1.0),25/09/26 23:00:00,Annual,Number,Total,Total,Sweden,2020,10327589,,
ESTAT:DEMO_PJAN(1.0),25/09/26 23:00:00,Annual,Number,Total,Total,Sweden,2021,10379295,,
ESTAT:DEMO_PJAN(1.0),25/09/26 23:00:00,Annual,Number,Total,Total,Sweden,2022,10452326,,
ESTAT:DEMO_PJAN(1.0),25/09/26 23:00:00,Annual,Number,Total,Total,Sweden,2023,10521556,,
ESTAT:DEMO_PJAN(1.0),25/09/26 23:00:00,Annual,Number,Total,Total,Sweden,2024,10551707,,
ESTAT:DEMO_PJAN(1.0),25/09/26 23:00:00,Annual,Number,Total,Total,Sweden,2025,10587710,,
ESTAT:DEMO_PJAN(1.0),25/09/26 23:00:00,Annual,Number,Total,Total,Slovenia,2006,2003358,,
ESTAT:DEMO_PJAN(1.0),25/09/26 23:00:00,Annual,Number,Total,Total,Slovenia,2007,2010377,,
ESTAT:DEMO_PJAN(1.0),25/09/26 23:00:00,Annual,Number,Total,Total,Slovenia,2008,2010269,b,
ESTAT:DEMO_PJAN(1.0),25/09/26 23:00:00,Annual,Number,Total,Total,Slovenia,2009,2032362,,
ESTAT:DEMO_PJAN(1.0),25/09/26 23:00:00,Annual,Number,Total,Total,Slovenia,2010,2046976,,
ESTAT:DEMO_PJAN(1.0),25/09/26 23:00:00,Annual,Number,Total,Total,Slovenia,2011,2050189,,
ESTAT:DEMO_PJAN(1.0),25/09/26 23:00:00,Annual,Number,Total,Total,Slovenia,2012,2055496,,
ESTAT:DEMO_PJAN(1.0),25/09/26 23:00:00,Annual,Number,Total,Total,Slovenia,2013,2058821,,
ESTAT:DEMO_PJAN(1.0),25/09/26 23:00:00,Annual,Number,Total,Total,Slovenia,2014,2061085,,
ESTAT:DEMO_PJAN(1.0),25/09/26 23:00:00,Annual,Number,Total,Total,Slovenia,2015,2062874,,
ESTAT:DEMO_PJAN(1.0),25/09/26 23:00:00,Annual,Number,Total,Total,Slovenia,2016,2064188,,
ESTAT:DEMO_PJAN(1.0),25/09/26 23:00:00,Annual,Number,Total,Total,Slovenia,2017,2065895,,
ESTAT:DEMO_PJAN(1.0),25/09/26 23:00:00,Annual,Number,Total,Total,Slovenia,2018,2066880,,
ESTAT:DEMO_PJAN(1.0),25/09/26 23:00:00,Annual,Number,Total,Total,Slovenia,2019,2080908,,
ESTAT:DEMO_PJAN(1.0),25/09/26 23:00:00,Annual,Number,Total,Total,Slovenia,2020,2095861,,
ESTAT:DEMO_PJAN(1.0),25/09/26 23:00:00,Annual,Number,Total,Total,Slovenia,2021,2108977,,
ESTAT:DEMO_PJAN(1.0),25/09/26 23:00:00,Annual,Number,Total,Total,Slovenia,2022,2107180,,
ESTAT:DEMO_PJAN(1.0),25/09/26 23:00:00,Annual,Number,Total,Total,Slovenia,2023,2116972,,
ESTAT:DEMO_PJAN(1.0),25/09/26 23:00:00,Annual,Number,Total,Total,Slovenia,2024,2123949,,
ESTAT:DEMO_PJAN(1.0),25/09/26 23:00:00,Annual,Number,Total,Total,Slovenia,2025,2130850,,
ESTAT:DEMO_PJAN(1.0),25/09/26 23:00:00,Annual,Number,Total,Total,Slovakia,2006,5372928,,
ESTAT:DEMO_PJAN(1.0),25/09/26 23:00:00,Annual,Number,Total,Total,Slovakia,2007,5373180,,
ESTAT:DEMO_PJAN(1.0),25/09/26 23:00:00,Annual,Number,Total,Total,Slovakia,2008,5376064,,
ESTAT:DEMO_PJAN(1.0),25/09/26 23:00:00,Annual,Number,Total,Total,Slovakia,2009,5382401,,
ESTAT:DEMO_PJAN(1.0),25/09/26 23:00:00,Annual,Number,Total,Total,Slovakia,2010,5390410,,
ESTAT:DEMO_PJAN(1.0),25/09/26 23:00:00,Annual,Number,Total,Total,Slovakia,2011,5392446,,
ESTAT:DEMO_PJAN(1.0),25/09/26 23:00:00,Annual,Number,Total,Total,Slovakia,2012,5404322,,
ESTAT:DEMO_PJAN(1.0),25/09/26 23:00:00,Annual,Number,Total,Total,Slovakia,2013,5410836,,
ESTAT:DEMO_PJAN(1.0),25/09/26 23:00:00,Annual,Number,Total,Total,Slovakia,2014,5415949,,
ESTAT:DEMO_PJAN(1.0),25/09/26 23:00:00,Annual,Number,Total,Total,Slovakia,2015,5421349,,
ESTAT:DEMO_PJAN(1.0),25/09/26 23:00:00,Annual,Number,Total,Total,Slovakia,2016,5426252,,
ESTAT:DEMO_PJAN(1.0),25/09/26 23:00:00,Annual,Number,Total,Total,Slovakia,2017,5435343,,
ESTAT:DEMO_PJAN(1.0),25/09/26 23:00:00,Annual,Number,Total,Total,Slovakia,2018,5443120,,
ESTAT:DEMO_PJAN(1.0),25/09/26 23:00:00,Annual,Number,Total,Total,Slovakia,2019,5450421,,
ESTAT:DEMO_PJAN(1.0),25/09/26 23:00:00,Annual,Number,Total,Total,Slovakia,2020,5457873,,
ESTAT:DEMO_PJAN(1.0),25/09/26 23:00:00,Annual,Number,Total,Total,Slovakia,2021,5459781,,
ESTAT:DEMO_PJAN(1.0),25/09/26 23:00:00,Annual,Number,Total,Total,Slovakia,2022,5434712,,
ESTAT:DEMO_PJAN(1.0),25/09/26 23:00:00,Annual,Number,Total,Total,Slovakia,2023,5428792,,
ESTAT:DEMO_PJAN(1.0),25/09/26 23:00:00,Annual,Number,Total,Total,Slovakia,2024,5424687,,
ESTAT:DEMO_PJAN(1.0),25/09/26 23:00:00,Annual,Number,Total,Total,Slovakia,2025,5419451,,
